"checked_on","path","sha256","kind","source_references_literal","identical_in_dist","status","provenance","license","author","source_page_url","license_url","evidence","download_date","retained_license_proof","next_action"
"2026-09-30","public/assets/fonts/children/Children Sans.ttf","fcc98c58e7148ff23c7303be46ea687be8d3ea52105f4910e2ee12851455e391","font","","true","commercial_web_rights_unverified","Author identified in TTF; commercial permission not found","Unknown","Chino N. Embalsado","","","TTF copyright 2009; Children Specimen.pdf contains specimens and history, no license","","","Obtain commercial web embedding/distribution permission or replace and exclude from distribution"
"2026-09-30","public/assets/fonts/children/Children.ttf","a864fe760dbdb6dbefbe0da291fbc705d8bb43ab6a50a447e42770ee4d745e4c","font","src/ui/styles/base.css","true","commercial_web_rights_unverified","Author identified in TTF; commercial permission not found","Unknown","Chino N. Embalsado","","","TTF copyright 2009; Children Specimen.pdf contains specimens and history, no license","","","Obtain commercial web embedding/distribution permission or replace and exclude from distribution"
"2026-09-30","public/assets/fonts/EtudeNoir/Etude Noire Bold (1).ttf","1c409863f6f71edd6d41bb35401a4fa235e281fdbb8d69d8aa08366ab09038f8","font","src/ui/styles/base.css","true","permitted_with_attribution","Author and license recorded in local font files","CC-BY-4.0","Dimitri Antonov / Blue Curve Designstudio","https://www.behance.net/ed67b3fc","https://creativecommons.org/licenses/by/4.0/","TTF name table IDs 9, 13, 14; public/assets/fonts/EtudeNoir/readme (1).txt","","","Retain notices; add accessible credits with author, source, license link and changes if any"
"2026-09-30","public/assets/fonts/EtudeNoir/Etude Noire Light (1).ttf","ddef24949654e0b6f87639ef3e5dd0c3f4472079fbac00455b65f5bc0a857f0a","font","src/ui/styles/base.css","true","permitted_with_attribution","Author and license recorded in local font files","CC-BY-4.0","Dimitri Antonov / Blue Curve Designstudio","https://www.behance.net/ed67b3fc","https://creativecommons.org/licenses/by/4.0/","TTF name table IDs 9, 13, 14; public/assets/fonts/EtudeNoir/readme (1).txt","","","Retain notices; add accessible credits with author, source, license link and changes if any"
"2026-09-30","public/assets/fonts/EtudeNoir/Etude Noire Medium (1).ttf","53f6bb6a48d2d02c15b58c4e008fd3dcebc0db528f3ce6a0b0ef474fccebae5e","font","src/ui/styles/base.css","true","permitted_with_attribution","Author and license recorded in local font files","CC-BY-4.0","Dimitri Antonov / Blue Curve Designstudio","https://www.behance.net/ed67b3fc","https://creativecommons.org/licenses/by/4.0/","TTF name table IDs 9, 13, 14; public/assets/fonts/EtudeNoir/readme (1).txt","","","Retain notices; add accessible credits with author, source, license link and changes if any"
"2026-09-30","public/assets/fonts/EtudeNoir/Etude Noire Regular (1).ttf","687856e3fe85bd60ed63d76202fd2e9fc7f89db60614811c50e27f12ff7e028b","font","src/ui/styles/base.css","true","permitted_with_attribution","Author and license recorded in local font files","CC-BY-4.0","Dimitri Antonov / Blue Curve Designstudio","https://www.behance.net/ed67b3fc","https://creativecommons.org/licenses/by/4.0/","TTF name table IDs 9, 13, 14; public/assets/fonts/EtudeNoir/readme (1).txt","","","Retain notices; add accessible credits with author, source, license link and changes if any"
"2026-09-30","public/assets/fonts/kg-ten-thousand-reasons-font/KgTenThousandReasons-R1ll.ttf","66b11168489c3fa9c9e44ff114f8f0aa899e5c3c1760b4263b8c93619f3b13e9","font","","true","commercial_license_evidence_missing","Author and licensing website identified","Commercial license required; web/app terms must match use","Kimberly Geswein","https://www.fontspace.com/kg-ten-thousand-reasons-font-f13863","https://kimberlygeswein.com/faq/","info.txt; misc/KGFonts-TOU.txt; TTF metadata; official author FAQ","","","Exclude unused fonts from distribution or document an appropriate purchased license"
"2026-09-30","public/assets/fonts/kg-ten-thousand-reasons-font/KgTenThousandReasonsAlt-BOrl.ttf","b88c43287c0640ed14744dfca3e7e7c92bc3bf427a2c0365fd152bef1701b066","font","","true","commercial_license_evidence_missing","Author and licensing website identified","Commercial license required; web/app terms must match use","Kimberly Geswein","https://www.fontspace.com/kg-ten-thousand-reasons-font-f13863","https://kimberlygeswein.com/faq/","info.txt; misc/KGFonts-TOU.txt; TTF metadata; official author FAQ","","","Exclude unused fonts from distribution or document an appropriate purchased license"
"2026-09-30","public/assets/images/background.png","935afe09f202d203d4b264b7afa68197e95e308df9427670eabbe63a42f16e0f","image","","true","source_evidence_missing","Pixabay: user statement, individual item not matched","Pixabay Content License: applicability unverified","","","https://pixabay.com/service/terms/","User statement on 2026-09-30; no individual source record in repository","","","Record original download page, author, date and applicable license evidence"
"2026-09-30","public/assets/images/favicon/android-chrome-192x192.png","d6060e0dc5071bdcfc515d86a0c149f878d76dfa5e1db1611a3689872f8b7bb1","image","","true","source_font_license_confirmed","about.txt declares favicon generated from Labrada","Labrada font: SIL-OFL-1.1; rendered image is not the font software","Labrada Project Authors / Omnibus-Type (font)","https://fonts.google.com/specimen/Labrada","https://raw.githubusercontent.com/google/fonts/main/ofl/labrada/OFL.txt","public/assets/images/favicon/about.txt; official Google Fonts license for Labrada","","","Complete missing creator/license fields in about.txt; retain provenance of generated icons"
"2026-09-30","public/assets/images/favicon/android-chrome-512x512.png","ed1f16cdf1933a94884336ccaccd2b1c418a456326663ba8f377050833884333","image","","true","source_font_license_confirmed","about.txt declares favicon generated from Labrada","Labrada font: SIL-OFL-1.1; rendered image is not the font software","Labrada Project Authors / Omnibus-Type (font)","https://fonts.google.com/specimen/Labrada","https://raw.githubusercontent.com/google/fonts/main/ofl/labrada/OFL.txt","public/assets/images/favicon/about.txt; official Google Fonts license for Labrada","","","Complete missing creator/license fields in about.txt; retain provenance of generated icons"
"2026-09-30","public/assets/images/favicon/apple-touch-icon.png","a4adb4cb1bf0240cf3c86faac881fbe560a03e199aa0305e8450b37b18be94d9","image","","true","source_font_license_confirmed","about.txt declares favicon generated from Labrada","Labrada font: SIL-OFL-1.1; rendered image is not the font software","Labrada Project Authors / Omnibus-Type (font)","https://fonts.google.com/specimen/Labrada","https://raw.githubusercontent.com/google/fonts/main/ofl/labrada/OFL.txt","public/assets/images/favicon/about.txt; official Google Fonts license for Labrada","","","Complete missing creator/license fields in about.txt; retain provenance of generated icons"
"2026-09-30","public/assets/images/favicon/favicon-16x16.png","6fa4926296c18a12110b7368e852d2b22e6c06df8e24ccb84644b145a7d0fd49","image","","true","source_font_license_confirmed","about.txt declares favicon generated from Labrada","Labrada font: SIL-OFL-1.1; rendered image is not the font software","Labrada Project Authors / Omnibus-Type (font)","https://fonts.google.com/specimen/Labrada","https://raw.githubusercontent.com/google/fonts/main/ofl/labrada/OFL.txt","public/assets/images/favicon/about.txt; official Google Fonts license for Labrada","","","Complete missing creator/license fields in about.txt; retain provenance of generated icons"
"2026-09-30","public/assets/images/favicon/favicon-32x32.png","4e17a36352af45c335a2d42e89df636487156ae55e51ca6ab6db87eff7fff287","image","index.html","true","source_font_license_confirmed","about.txt declares favicon generated from Labrada","Labrada font: SIL-OFL-1.1; rendered image is not the font software","Labrada Project Authors / Omnibus-Type (font)","https://fonts.google.com/specimen/Labrada","https://raw.githubusercontent.com/google/fonts/main/ofl/labrada/OFL.txt","public/assets/images/favicon/about.txt; official Google Fonts license for Labrada","","","Complete missing creator/license fields in about.txt; retain provenance of generated icons"
"2026-09-30","public/assets/images/favicon/favicon.ico","87b6641f314013f0a689bc83f0bca734f6d2c66445604ebc351181da9f74db74","image","","true","source_font_license_confirmed","about.txt declares favicon generated from Labrada","Labrada font: SIL-OFL-1.1; rendered image is not the font software","Labrada Project Authors / Omnibus-Type (font)","https://fonts.google.com/specimen/Labrada","https://raw.githubusercontent.com/google/fonts/main/ofl/labrada/OFL.txt","public/assets/images/favicon/about.txt; official Google Fonts license for Labrada","","","Complete missing creator/license fields in about.txt; retain provenance of generated icons"
"2026-09-30","public/assets/images/Lightswitch/Samuel.png","ee8def0c125b3d17d4d7c4b09834c9a8acaf57c33cce9a65b7f95a9f5ce1ca1c","image","src/levels/lightswitch/LightswitchScene.js","true","source_evidence_missing","Pixabay: user statement, individual item not matched","Pixabay Content License: applicability unverified","","","https://pixabay.com/service/terms/","User statement on 2026-09-30; no individual source record in repository","","","Record original download page, author, date and applicable license evidence"
"2026-09-30","public/assets/images/Modem/modem.png","8515b4ba0ddeadbaf0c58bd1ff55fecc5ebfe74f6da119d92baf2808e6146147","image","","true","source_evidence_missing","Pixabay: user statement, individual item not matched","Pixabay Content License: applicability unverified","","","https://pixabay.com/service/terms/","User statement on 2026-09-30; no individual source record in repository","","","Record original download page, author, date and applicable license evidence"
"2026-09-30","public/assets/images/Modem/wireless-router.svg","2a382b9a30addfb5bd10cebaae7f4f0172804ae19474702dd4710f49243cdc89","image","","true","embedded_public_domain_notice","Creator, publisher and source recorded in SVG RDF","Public domain notice embedded; original source not independently verified online","Spack / Openclipart","https://openclipart.org/detail/167055/wireless-router-by-spack","http://creativecommons.org/licenses/publicdomain/","SVG metadata dc:creator, dc:source and cc:license","","","Retain source/notice if kept; source page was unavailable; do not infer same license for modem.png"
"2026-09-30","public/assets/images/PlantPot/leaf.png","8bee31944a3daa93e196453eea0157b7803ad6a116d7ed58849ed55d3aab62e9","image","src/levels/plantpot/PlantPotScene.js","true","rawpixel_item_license_unverified","XMP identifies Rawpixel; general Pixabay statement not matched to this file","Unknown for this item/download","rawpixel.com / Pinn","https://www.rawpixel.com/image/25980861","https://www.rawpixel.com/services/licenses","PNG XMP dc:creator, dc:rights (2026 Rawpixel Ltd.), plus:LicensorURL, xmpRights:WebStatement; individual source page unavailable during audit","","","Recover exact download/license evidence, including any legitimate Pixabay listing, or replace"
"2026-09-30","public/assets/images/signs/sign_E.png","c9bf0c02607e9263adbb5902b0894a6e25b32ae342ce47bfa08f989969cbfde4","image","","true","source_evidence_missing","Pixabay: user statement, individual item not matched","Pixabay Content License: applicability unverified","","","https://pixabay.com/service/terms/","User statement on 2026-09-30; no individual source record in repository","","","Record original download page, author, date and applicable license evidence"
"2026-09-30","public/assets/images/signs/sign_I.png","6cfe58be06d55ad25d10c1ecacee1b71183d1708ce7bd476301fedbe71b398bb","image","","true","source_evidence_missing","Pixabay: user statement, individual item not matched","Pixabay Content License: applicability unverified","","","https://pixabay.com/service/terms/","User statement on 2026-09-30; no individual source record in repository","","","Record original download page, author, date and applicable license evidence"
"2026-09-30","public/assets/images/signs/sign_L.png","78f7be96bcd9dfd008b3b1e77d64db6d817ab218c924de8b460440fec37561a4","image","","true","source_evidence_missing","Pixabay: user statement, individual item not matched","Pixabay Content License: applicability unverified","","","https://pixabay.com/service/terms/","User statement on 2026-09-30; no individual source record in repository","","","Record original download page, author, date and applicable license evidence"
"2026-09-30","public/assets/images/signs/sign_N.png","49ea24f8e595d3d8b1673d7e98401183205d9cab73b21feda798cbc0494c76ed","image","","true","source_evidence_missing","Pixabay: user statement, individual item not matched","Pixabay Content License: applicability unverified","","","https://pixabay.com/service/terms/","User statement on 2026-09-30; no individual source record in repository","","","Record original download page, author, date and applicable license evidence"
"2026-09-30","public/assets/images/signs/sign_S.png","6abe3ee9e9185ab6833290aea5aed929db6d4b4fd050058e4c3ee303eaebbab8","image","","true","source_evidence_missing","Pixabay: user statement, individual item not matched","Pixabay Content License: applicability unverified","","","https://pixabay.com/service/terms/","User statement on 2026-09-30; no individual source record in repository","","","Record original download page, author, date and applicable license evidence"
"2026-09-30","public/assets/images/signs/sign_T.png","ebbbf9faebc4cb749db1b86433ded0e236dfc736c3450db855ced49d63d11422","image","","true","source_evidence_missing","Pixabay: user statement, individual item not matched","Pixabay Content License: applicability unverified","","","https://pixabay.com/service/terms/","User statement on 2026-09-30; no individual source record in repository","","","Record original download page, author, date and applicable license evidence"
"2026-09-30","public/assets/images/Telescope/telescope.jpg","79705a0c79e29d92b61b3b81c0e94e06f9e23bb19c609fe45d104903783fd60a","image","","true","source_evidence_missing","Pixabay: user statement, individual item not matched","Pixabay Content License: applicability unverified","","","https://pixabay.com/service/terms/","User statement on 2026-09-30; no individual source record in repository","","","Record original download page, author, date and applicable license evidence"
"2026-09-30","public/assets/images/TV/astronomy.jpg","d3b9f1d7a79d091f2302b744e5cfdc19042bb08d0f5310b426c32fa55e7449f4","image","src/levels/tv/TVScene.js","true","source_evidence_missing","Pixabay: user statement, individual item not matched","Pixabay Content License: applicability unverified","","","https://pixabay.com/service/terms/","User statement on 2026-09-30; no individual source record in repository","","","Record original download page, author, date and applicable license evidence"
"2026-09-30","public/assets/images/TV/coding.jpg","7fdcfc0f438aad4cb197c1004c86afccd06f7ff7aba13a6276d62f9ab3b0cb2c","image","src/levels/tv/TVScene.js","true","source_evidence_missing","Pixabay: user statement, individual item not matched","Pixabay Content License: applicability unverified","","","https://pixabay.com/service/terms/","User statement on 2026-09-30; no individual source record in repository","","","Record original download page, author, date and applicable license evidence"
"2026-09-30","public/assets/images/TV/court.jpg","188e61dac6e744553e0617866383fd11d0e13cad87b246794aa0b562ca406b82","image","src/levels/tv/TVScene.js","true","source_evidence_missing","Pixabay: user statement, individual item not matched","Pixabay Content License: applicability unverified","","","https://pixabay.com/service/terms/","User statement on 2026-09-30; no individual source record in repository","","","Record original download page, author, date and applicable license evidence"
"2026-09-30","public/assets/images/TV/science.jpg","a77b447eaa82c3a56760743be7ff37aae3791f4f0f70369662642d4fcfc97bf2","image","src/levels/tv/TVScene.js","true","source_evidence_missing","Pixabay: user statement, individual item not matched","Pixabay Content License: applicability unverified","","","https://pixabay.com/service/terms/","User statement on 2026-09-30; no individual source record in repository","","","Record original download page, author, date and applicable license evidence"
"2026-09-30","public/assets/images/Wires/birds.png","8a1baf06f8750e5d201b03154d676dc94bd1e23553c542385c83756c69a4bf37","image","","true","source_evidence_missing","Pixabay: user statement, individual item not matched","Pixabay Content License: applicability unverified","","","https://pixabay.com/service/terms/","User statement on 2026-09-30; no individual source record in repository","","","Record original download page, author, date and applicable license evidence"
"2026-09-30","public/assets/sounds/global/background.mp3","5fedc2bd2772f7821b9814e2e56fc960e7dba0ad08ff26eacfaaf1c76c2e7cab","audio","src/core/AudioManager.js","true","source_evidence_missing","Pixabay: user statement, individual item not matched","Pixabay Content License: applicability unverified","","","https://pixabay.com/service/terms/","User statement on 2026-09-30; no individual source record in repository","","","Record original download page, author, date and applicable license evidence"
"2026-09-30","public/assets/sounds/global/click.mp3","9d2ad727d3e914d6d7380262a0df92c65c8b5322479b4d2e648d7ca1cc96c46f","audio","src/core/AudioManager.js","true","source_evidence_missing","Pixabay: user statement, individual item not matched","Pixabay Content License: applicability unverified","","","https://pixabay.com/service/terms/","User statement on 2026-09-30; no individual source record in repository","","","Record original download page, author, date and applicable license evidence"
"2026-09-30","public/assets/sounds/global/error.mp3","3035b117a2e63a5032740d046cd2f90005d1ee3bcdeab181876dab17b26acc93","audio","src/core/AudioManager.js","true","source_evidence_missing","Pixabay: user statement, individual item not matched","Pixabay Content License: applicability unverified","","","https://pixabay.com/service/terms/","User statement on 2026-09-30; no individual source record in repository","","","Record original download page, author, date and applicable license evidence"
"2026-09-30","public/assets/sounds/global/mouseclick.wav","075e17bdac5c13662a1c9530050e0046f81d4138e00eb3bf30427a7b4404103d","audio","src/core/AudioManager.js","true","source_evidence_missing","Pixabay: user statement, individual item not matched","Pixabay Content License: applicability unverified","","","https://pixabay.com/service/terms/","User statement on 2026-09-30; no individual source record in repository","","","Record original download page, author, date and applicable license evidence"
"2026-09-30","public/assets/sounds/global/nextlevel.wav","eeee9e9a55d230ed1802d49f3d702e503016d9a47a25b273c87077926e4ee79a","audio","src/core/AudioManager.js","true","source_evidence_missing","Pixabay: user statement, individual item not matched","Pixabay Content License: applicability unverified","","","https://pixabay.com/service/terms/","User statement on 2026-09-30; no individual source record in repository","","","Record original download page, author, date and applicable license evidence"
"2026-09-30","public/assets/sounds/Lightswitch/sparkle.mp3","76d200c30430d7a00c1ae27cad52b12ac50d935db4fdcb987973fc96b273f0ae","audio","src/levels/lightswitch/LightswitchScene.js","true","source_evidence_missing","Pixabay: user statement, individual item not matched","Pixabay Content License: applicability unverified","","","https://pixabay.com/service/terms/","User statement on 2026-09-30; no individual source record in repository","","","Record original download page, author, date and applicable license evidence"
"2026-09-30","public/assets/sounds/Lightswitch/switchsound.mp3","767003e8b3d8268b9dc69c7edd01b75e64863d643585ca53391ad79a5005bfde","audio","src/levels/lightswitch/LightswitchScene.js","true","source_evidence_missing","Pixabay: user statement, individual item not matched","Pixabay Content License: applicability unverified","","","https://pixabay.com/service/terms/","User statement on 2026-09-30; no individual source record in repository","","","Record original download page, author, date and applicable license evidence"
"2026-09-30","public/assets/sounds/MobilePhone/error.mp3","3035b117a2e63a5032740d046cd2f90005d1ee3bcdeab181876dab17b26acc93","audio","","true","source_evidence_missing","Pixabay: user statement, individual item not matched","Pixabay Content License: applicability unverified","","","https://pixabay.com/service/terms/","User statement on 2026-09-30; no individual source record in repository; SHA-256 identical to sounds/global/error.mp3","","","Record original download page, author, date and applicable license evidence"
"2026-09-30","public/assets/sounds/MobilePhone/keypad.mp3","832f6565e86363668008227e72e2014e7cedd5bd23356895ab1a18cb14dbee83","audio","src/levels/mobilephone/MobilePhoneScene.js","true","source_evidence_missing","Pixabay: user statement, individual item not matched","Pixabay Content License: applicability unverified","","","https://pixabay.com/service/terms/","User statement on 2026-09-30; no individual source record in repository","","","Record original download page, author, date and applicable license evidence"
"2026-09-30","public/assets/sounds/MobilePhone/vibration.mp3","de11ce62133c3bd7975ece2e4ca3440886c554e8b8c2bba57e86712c2393609f","audio","src/levels/mobilephone/MobilePhoneScene.js","true","source_evidence_missing","Pixabay: user statement, individual item not matched","Pixabay Content License: applicability unverified","","","https://pixabay.com/service/terms/","User statement on 2026-09-30; no individual source record in repository","","","Record original download page, author, date and applicable license evidence"
"2026-09-30","public/assets/sounds/Modem/hardwaresound.mp3","7e9f64acf11e0918c086b1919e0733f4be2a776535a4beb1baddb973882743a7","audio","src/levels/modem/ModemScene.js","true","source_evidence_missing","Pixabay: user statement, individual item not matched","Pixabay Content License: applicability unverified","","","https://pixabay.com/service/terms/","User statement on 2026-09-30; no individual source record in repository","","","Record original download page, author, date and applicable license evidence"
"2026-09-30","public/assets/sounds/PlantPot/wateringplant.mp3","402f2a7ca33c8f7c0a1d559954f57191fa2dec460116bae507759fb2bb9bfd26","audio","src/levels/plantpot/PlantPotScene.js","true","source_evidence_missing","Pixabay: user statement, individual item not matched","Pixabay Content License: applicability unverified","","","https://pixabay.com/service/terms/","User statement on 2026-09-30; no individual source record in repository","","","Record original download page, author, date and applicable license evidence"
"2026-09-30","public/assets/sounds/Rally/wroom.mp3","dece3937e640b87ac666a6ea580493283db2bffc412b7c39c870740671ecbd02","audio","src/levels/rally/RallyScene.js","true","source_evidence_missing","Pixabay: user statement, individual item not matched","Pixabay Content License: applicability unverified","","","https://pixabay.com/service/terms/","User statement on 2026-09-30; no individual source record in repository","","","Record original download page, author, date and applicable license evidence"
"2026-09-30","public/assets/sounds/TV/staticsound.mp3","f70c98e21ce7f15d0084328459b9394269b75f73e0f58bc26211f699630bac5f","audio","src/levels/tv/TVScene.js","true","source_evidence_missing","Pixabay: user statement, individual item not matched","Pixabay Content License: applicability unverified","","","https://pixabay.com/service/terms/","User statement on 2026-09-30; no individual source record in repository","","","Record original download page, author, date and applicable license evidence"
"2026-09-30","public/assets/sounds/Wires/birds_fly.mp3","0682790da512aafcdf3617ba5af2b4a603c1099049580d9eff61c7a1f42d030b","audio","","true","source_evidence_missing","Pixabay: user statement, individual item not matched","Pixabay Content License: applicability unverified","","","https://pixabay.com/service/terms/","User statement on 2026-09-30; no individual source record in repository","","","Record original download page, author, date and applicable license evidence"
"2026-09-30","public/assets/sounds/Wires/music.mp3","884de3f5c1d7c7cf889f9e1c30a7f5c0a77e7c2dcaedb5dd05ccc3adc62166b8","audio","src/levels/metadata.js; src/levels/wires/WiresScene.js","true","source_evidence_missing","Pixabay: user statement, individual item not matched","Pixabay Content License: applicability unverified","","","https://pixabay.com/service/terms/","User statement on 2026-09-30; no individual source record in repository","","","Record original download page, author, date and applicable license evidence"
